customer_id,age,gender,city,annual_income,total_spend,purchase_frequency,average_order_value,recency_days,total_orders,preferred_category,customer_tenure_months,discount_usage,website_visits,satisfaction_score
CUS-0001,41,Male,Mumbai,74172.93,1068.84,2.8,381.73,90,8,Beauty,33,0.39,17,2.7
CUS-0002,43,Male,Mumbai,45534.35,1291.63,5.9,218.92,23,18,Sports,14,0.05,1,3.5
CUS-0003,26,Male,Pune,18000.0,327.75,0.5,655.5,9,2,Fashion,1,0.32,16,3.5
CUS-0004,45,Female,Mumbai,69736.78,785.67,2.0,392.83,69,6,Electronics,27,0.42,4,2.1
CUS-0005,76,Female,Hyderabad,77984.76,2344.6,8.1,289.46,0,24,Fashion,17,0.2,12,4.4
CUS-0006,22,Female,Mumbai,22937.43,425.87,2.4,177.45,10,7,Electronics,5,0.17,15,3.1
CUS-0007,31,Male,Delhi,76827.93,513.43,4.0,128.36,115,12,Electronics,40,0.15,9,2.5
CUS-0008,56,Non-binary,Bengaluru,56011.76,1014.36,0.9,1127.07,72,3,Fashion,33,0.64,13,3.7
CUS-0009,76,Female,Delhi,95440.23,2596.3,10.4,249.64,3,31,Electronics,15,0.57,19,4.7
CUS-0010,50,Male,Bengaluru,74810.0,996.24,4.8,207.55,22,14,Electronics,6,0.02,10,5.0
CUS-0011,57,Male,Bengaluru,53383.13,960.08,5.1,188.25,21,15,Beauty,10,0.48,13,4.2
CUS-0012,18,Male,Chennai,38887.05,526.77,3.2,164.62,7,10,Fashion,1,0.33,12,4.7
CUS-0013,68,Male,Chennai,58684.34,627.92,0.6,1046.53,80,2,Electronics,29,0.34,7,3.2
CUS-0014,51,Female,Pune,64705.67,494.05,2.7,182.98,66,8,Electronics,13,0.59,11,3.0
CUS-0015,46,Male,Delhi,72627.04,1040.27,1.1,945.7,19,3,Electronics,10,0.64,9,4.8
CUS-0016,68,Male,Chennai,47824.97,958.11,7.5,127.75,22,22,Sports,18,0.49,15,3.6
CUS-0017,58,Female,Delhi,47410.68,1157.16,4.1,282.23,22,12,Fashion,18,0.55,1,4.4
CUS-0018,69,Female,Delhi,60523.21,2448.37,9.4,260.46,0,28,Fashion,21,0.39,10,4.2
CUS-0019,44,Female,Mumbai,72388.52,371.23,2.4,154.68,88,7,Fashion,27,0.7,12,3.5
CUS-0020,43,Female,Mumbai,42048.45,727.15,0.8,908.94,35,2,Home & Living,16,0.5,8,2.8
CUS-0021,56,Male,Pune,55812.06,569.67,3.8,149.91,57,11,Fashion,30,0.61,10,3.9
CUS-0022,41,Female,Mumbai,86164.77,658.84,4.5,146.41,17,14,Sports,18,0.37,7,4.5
CUS-0023,47,Female,Mumbai,63830.83,557.43,2.5,222.97,7,8,Electronics,4,0.63,10,5.0
CUS-0024,33,Female,Mumbai,47470.68,427.63,1.5,285.09,13,4,Sports,15,0.15,13,3.4
CUS-0025,55,Female,Chennai,75844.63,714.53,3.5,204.15,122,10,Beauty,30,0.43,12,1.4
CUS-0026,76,Male,Pune,25225.39,2660.22,7.1,374.68,2,21,Fashion,33,0.64,22,4.0
CUS-0027,52,Male,Pune,79069.99,721.47,5.0,144.29,14,15,Electronics,14,0.07,15,4.0
CUS-0028,76,Female,Delhi,81901.09,2755.28,9.8,281.15,8,29,Beauty,21,0.49,13,4.3
CUS-0029,63,Female,Chennai,87271.71,2615.65,10.5,249.11,5,32,Home & Living,21,0.53,15,4.8
CUS-0030,75,Male,Hyderabad,81836.93,737.56,2.1,351.22,97,6,Home & Living,33,0.52,7,2.8
CUS-0031,62,Male,Pune,60847.89,789.36,2.8,281.91,102,8,Beauty,19,0.17,8,2.1
CUS-0032,23,Female,Mumbai,24513.28,392.4,1.9,206.53,11,6,Fashion,6,0.18,14,2.8
CUS-0033,43,Female,Pune,18316.64,948.94,4.9,193.66,23,15,Sports,12,0.04,8,4.0
CUS-0034,58,Female,Chennai,44275.66,1104.45,5.9,187.19,25,18,Home & Living,16,0.28,6,3.7
CUS-0035,53,Male,Mumbai,37910.0,666.88,5.4,123.5,35,16,Beauty,6,0.21,11,4.2
CUS-0036,76,Male,Mumbai,90715.63,3237.53,9.3,348.12,3,28,Sports,23,0.28,13,4.8
CUS-0037,76,Non-binary,Mumbai,80449.83,2267.93,7.9,287.08,5,24,Electronics,33,0.5,8,4.8
CUS-0038,50,Male,Mumbai,50780.04,964.12,5.4,178.54,14,16,Beauty,5,0.16,9,3.7
CUS-0039,48,Non-binary,Bengaluru,65918.92,800.42,5.1,156.95,30,15,Home & Living,19,0.78,17,4.6
CUS-0040,62,Male,Pune,70373.55,500.91,3.0,166.97,75,9,Sports,37,0.27,18,2.9
CUS-0041,35,Female,Mumbai,49353.0,968.01,4.9,197.55,23,15,Electronics,9,0.06,11,3.6
CUS-0042,32,Female,Bengaluru,37903.19,598.55,1.4,427.54,3,4,Electronics,1,0.44,7,4.8
CUS-0043,54,Male,Hyderabad,81415.11,686.08,2.4,285.87,134,7,Beauty,11,0.19,8,3.0
CUS-0044,55,Male,Bengaluru,60769.4,1182.34,4.3,274.96,27,13,Fashion,17,0.53,14,4.1
CUS-0045,35,Female,Delhi,64417.26,277.1,0.5,554.2,9,2,Beauty,1,0.46,6,5.0
CUS-0046,75,Male,Hyderabad,54212.01,492.45,1.8,273.58,70,5,Fashion,27,0.66,7,3.1
CUS-0047,52,Male,Chennai,59879.55,1144.87,3.0,381.62,21,9,Electronics,6,0.72,12,4.3
CUS-0048,46,Female,Delhi,77708.46,891.48,6.2,143.79,32,19,Fashion,7,0.55,18,3.4
CUS-0049,41,Male,Mumbai,53020.89,663.29,2.9,228.72,77,9,Fashion,21,0.3,12,3.5
CUS-0050,74,Female,Bengaluru,80624.69,872.62,8.5,102.66,0,26,Electronics,15,0.68,10,4.7
CUS-0051,76,Female,Delhi,96120.94,2701.8,8.2,329.49,6,25,Sports,27,0.15,5,3.3
CUS-0052,76,Female,Mumbai,88832.16,2415.31,8.4,287.54,9,25,Electronics,32,0.48,19,3.7
CUS-0053,67,Female,Pune,61887.79,384.98,1.7,226.46,116,5,Fashion,38,0.38,12,2.6
CUS-0054,49,Female,Hyderabad,73191.92,963.91,2.2,438.14,96,7,Beauty,33,0.46,10,2.9
CUS-0055,46,Female,Hyderabad,71393.3,776.87,3.2,242.77,85,10,Sports,30,0.47,11,2.7
CUS-0056,73,Male,Mumbai,66619.17,874.8,2.0,437.4,112,6,Home & Living,28,0.63,4,3.0
CUS-0057,70,Male,Bengaluru,66387.19,849.9,5.0,169.98,23,15,Home & Living,21,0.77,7,3.4
CUS-0058,37,Male,Mumbai,54055.71,1090.05,1.9,573.71,8,6,Home & Living,9,0.35,1,3.8
CUS-0059,67,Female,Pune,96473.12,2632.68,8.6,306.13,4,26,Sports,26,0.38,16,3.6
CUS-0060,73,Female,Chennai,83244.04,2531.77,7.3,346.82,0,22,Home & Living,23,0.17,1,3.4
CUS-0061,65,Female,Hyderabad,65121.53,983.47,2.9,339.13,157,9,Beauty,26,0.35,13,3.2
CUS-0062,42,Male,Hyderabad,36681.65,1024.52,8.0,128.06,21,24,Fashion,14,0.75,4,4.2
CUS-0063,69,Male,Pune,60658.84,834.38,4.3,194.04,19,13,Fashion,22,0.78,15,3.8
CUS-0064,60,Male,Hyderabad,42768.19,883.29,4.2,210.31,113,13,Sports,30,0.76,10,3.2
CUS-0065,62,Male,Pune,63636.18,920.49,2.7,340.92,86,8,Home & Living,26,0.3,11,3.7
CUS-0066,36,Male,Bengaluru,58582.42,796.8,3.5,227.66,24,10,Electronics,2,0.78,14,3.9
CUS-0067,54,Female,Chennai,30642.89,876.13,6.5,134.79,18,20,Electronics,20,0.73,14,4.0
CUS-0068,53,Male,Bengaluru,46498.42,592.51,7.9,75.0,17,24,Fashion,31,0.36,15,4.0
CUS-0069,76,Male,Mumbai,80249.46,3207.08,10.0,320.71,7,30,Beauty,30,0.58,14,3.9
CUS-0070,37,Male,Chennai,39308.91,1004.02,2.5,401.61,5,8,Home & Living,7,0.39,7,4.2
CUS-0071,64,Non-binary,Bengaluru,106619.29,2567.06,9.3,276.03,4,28,Home & Living,19,0.07,13,3.9
CUS-0072,43,Male,Mumbai,76674.9,1474.31,4.6,320.5,23,14,Fashion,22,0.77,6,4.3
CUS-0073,45,Female,Hyderabad,41494.1,282.89,0.5,565.78,10,2,Beauty,11,0.51,1,3.9
CUS-0074,46,Female,Delhi,86735.98,860.93,2.8,307.48,25,8,Fashion,16,0.61,14,3.6
CUS-0075,76,Female,Delhi,61631.95,2502.95,10.0,250.29,3,30,Electronics,16,0.07,5,4.2
CUS-0076,35,Female,Delhi,64591.63,820.88,3.1,264.8,23,9,Fashion,14,0.33,1,4.0
CUS-0077,69,Female,Chennai,55317.54,1074.97,4.9,219.38,12,15,Fashion,17,0.75,17,3.8
CUS-0078,34,Male,Hyderabad,40511.78,641.79,0.5,1283.58,119,2,Beauty,36,0.03,1,3.3
CUS-0079,54,Female,Pune,58150.27,684.42,6.2,110.39,26,19,Fashion,4,0.8,18,3.9
CUS-0080,65,Male,Delhi,64591.29,902.58,2.2,410.26,75,7,Fashion,31,0.15,3,2.6
CUS-0081,49,Female,Pune,54952.49,577.45,0.5,1154.9,113,2,Electronics,26,0.73,11,2.6
CUS-0082,35,Female,Bengaluru,38156.46,684.73,3.9,175.57,13,12,Home & Living,16,0.63,12,4.0
CUS-0083,40,Non-binary,Chennai,40601.77,847.9,2.3,368.65,121,7,Electronics,26,0.65,7,2.9
CUS-0084,62,Female,Delhi,46090.51,1832.64,10.8,169.69,0,32,Home & Living,22,0.56,12,4.2
CUS-0085,76,Male,Chennai,87417.61,1785.07,11.7,152.57,8,35,Electronics,14,0.16,17,4.3
CUS-0086,76,Female,Bengaluru,80117.04,2566.01,9.0,285.11,5,27,Fashion,19,0.33,25,3.0
CUS-0087,59,Male,Bengaluru,48636.96,687.6,3.1,221.81,98,9,Fashion,35,0.68,18,3.2
CUS-0088,59,Female,Bengaluru,33681.99,983.27,3.6,273.13,27,11,Beauty,3,0.36,11,3.9
CUS-0089,63,Female,Mumbai,91648.78,2773.47,6.1,454.67,4,18,Home & Living,32,0.33,7,3.7
CUS-0090,62,Female,Delhi,61780.75,896.09,4.3,208.39,12,13,Beauty,21,0.74,22,3.4
CUS-0091,76,Female,Hyderabad,112372.6,1998.98,11.2,178.48,5,34,Sports,19,0.32,3,4.1
CUS-0092,60,Male,Chennai,57161.29,841.33,0.5,1682.66,87,2,Sports,17,0.58,8,3.7
CUS-0093,40,Female,Delhi,63443.42,1006.53,4.0,251.63,19,12,Sports,4,0.7,8,3.3
CUS-0094,52,Female,Delhi,45747.71,553.8,8.1,68.37,19,24,Sports,16,0.6,12,5.0
CUS-0095,43,Male,Bengaluru,57356.93,912.62,6.2,147.2,25,19,Fashion,15,0.78,11,3.7
CUS-0096,50,Female,Delhi,70500.66,850.92,0.5,1701.84,139,2,Electronics,35,0.12,6,2.7
CUS-0097,48,Male,Chennai,53800.37,942.97,4.7,200.63,19,14,Beauty,22,0.38,10,3.5
CUS-0098,76,Female,Chennai,77381.87,2691.79,11.6,232.05,2,35,Beauty,19,0.62,8,4.5
CUS-0099,71,Female,Delhi,73696.86,2074.19,8.6,241.18,10,26,Home & Living,39,0.51,11,3.4
CUS-0100,26,Female,Delhi,30768.68,313.97,0.5,627.94,12,2,Electronics,1,0.6,8,4.0
CUS-0101,20,Male,Chennai,68147.47,449.93,3.4,132.33,6,10,Home & Living,14,0.08,11,2.7
CUS-0102,45,Female,Hyderabad,71804.18,861.02,4.0,215.25,117,12,Electronics,16,0.02,12,2.8
CUS-0103,27,Male,Chennai,47988.83,916.24,4.3,213.08,21,13,Electronics,19,0.52,8,4.1
CUS-0104,18,Male,Delhi,48482.56,424.0,1.8,235.56,4,5,Sports,5,0.22,11,3.7
CUS-0105,63,Male,Delhi,75722.22,637.43,3.0,212.48,122,9,Sports,32,0.67,14,3.5
CUS-0106,73,Female,Bengaluru,46782.24,801.95,2.0,400.98,103,6,Fashion,32,0.41,12,2.9
CUS-0107,64,Female,Hyderabad,38788.93,952.5,4.0,238.12,14,12,Sports,1,0.61,5,3.8
CUS-0108,55,Female,Bengaluru,42935.32,881.75,5.1,172.89,18,15,Electronics,14,0.68,12,3.2
CUS-0109,76,Male,Bengaluru,66246.23,2989.88,11.5,259.99,4,34,Electronics,28,0.45,12,4.5
CUS-0110,28,Male,Hyderabad,30990.92,312.7,0.5,625.4,15,2,Fashion,13,0.2,14,4.8
CUS-0111,42,Male,Hyderabad,54823.16,1010.82,2.0,505.41,13,6,Beauty,19,0.1,7,3.4
CUS-0112,56,Female,Bengaluru,79337.38,1506.61,8.7,173.17,1,26,Electronics,20,0.18,14,3.9
CUS-0113,54,Non-binary,Mumbai,34625.41,983.59,4.8,204.91,17,14,Sports,19,0.08,1,4.7
CUS-0114,18,Male,Pune,43343.22,877.66,6.2,141.56,27,19,Electronics,2,0.39,10,3.3
CUS-0115,73,Female,Pune,67324.41,2821.88,10.7,263.73,2,32,Home & Living,33,0.19,19,4.0
CUS-0116,22,Female,Bengaluru,30013.61,291.52,0.7,416.46,3,2,Beauty,1,0.09,7,3.5
CUS-0117,46,Female,Bengaluru,92815.41,720.04,2.4,300.02,99,7,Sports,20,0.37,4,2.8
CUS-0118,49,Female,Mumbai,63429.13,635.79,1.4,454.14,105,4,Beauty,29,0.13,8,3.4
CUS-0119,45,Female,Mumbai,48292.84,1336.82,4.9,272.82,11,15,Beauty,17,0.21,13,4.1
CUS-0120,49,Female,Hyderabad,61296.76,551.73,1.9,290.38,75,6,Home & Living,22,0.1,12,3.3
CUS-0121,50,Male,Hyderabad,68642.73,1039.38,4.9,212.12,19,15,Beauty,31,0.05,7,4.2
CUS-0122,58,Female,Bengaluru,38323.34,664.63,3.9,170.42,108,12,Sports,19,0.78,14,3.0
CUS-0123,76,Female,Bengaluru,86148.76,2019.67,9.5,212.6,5,28,Sports,18,0.22,10,3.3
CUS-0124,31,Male,Chennai,62242.45,996.83,1.2,830.69,19,4,Sports,20,0.04,11,4.4
CUS-0125,74,Female,Delhi,99544.88,2569.69,8.1,317.25,10,24,Fashion,18,0.3,6,4.4
CUS-0126,53,Male,Hyderabad,54836.11,1124.85,3.2,351.52,37,10,Electronics,18,0.65,8,3.0
CUS-0127,41,Female,Bengaluru,35713.68,1342.7,2.8,479.54,20,8,Home & Living,14,0.5,10,4.3
CUS-0128,76,Female,Pune,78125.55,1260.82,7.5,168.11,3,22,Electronics,14,0.32,11,2.8
CUS-0129,69,Male,Hyderabad,90116.22,1735.48,10.0,173.55,7,30,Sports,23,0.43,7,4.3
CUS-0130,50,Male,Pune,63270.46,1136.68,5.0,227.34,26,15,Sports,10,0.09,18,4.1
CUS-0131,61,Male,Pune,72178.89,2238.91,10.6,211.22,1,32,Beauty,18,0.24,12,4.3
CUS-0132,45,Male,Mumbai,44027.26,393.87,2.5,157.55,10,8,Fashion,9,0.28,11,3.6
CUS-0133,48,Male,Hyderabad,52751.72,1453.09,5.1,284.92,27,15,Home & Living,16,0.78,9,4.2
CUS-0134,39,Male,Mumbai,47575.6,1142.96,5.1,224.11,21,15,Home & Living,13,0.11,12,3.6
CUS-0135,40,Male,Mumbai,38117.12,866.92,6.1,142.12,26,18,Fashion,10,0.75,12,4.3
CUS-0136,76,Female,Pune,70648.74,1971.54,10.4,189.57,8,31,Electronics,28,0.74,17,5.0
CUS-0137,18,Female,Pune,29035.97,334.24,0.9,371.38,6,3,Home & Living,6,0.22,13,4.3
CUS-0138,54,Female,Pune,47225.46,1003.45,7.8,128.65,12,23,Sports,16,0.13,8,5.0
CUS-0139,62,Female,Hyderabad,72417.57,516.94,1.0,516.94,50,3,Fashion,26,0.51,9,2.6
CUS-0140,74,Non-binary,Mumbai,80770.25,2748.36,9.6,286.29,3,29,Home & Living,27,0.07,8,4.4
CUS-0141,58,Female,Pune,73866.98,752.46,7.3,103.08,21,22,Beauty,11,0.7,11,3.6
CUS-0142,48,Male,Pune,40495.3,1003.42,3.3,304.07,34,10,Fashion,17,0.35,5,3.3
CUS-0143,52,Male,Bengaluru,26074.32,416.06,0.5,832.12,9,2,Electronics,12,0.57,4,4.5
CUS-0144,53,Female,Chennai,43271.7,780.23,2.6,300.09,16,8,Beauty,15,0.39,1,4.6
CUS-0145,34,Male,Hyderabad,58511.93,1197.29,5.1,234.76,17,15,Sports,16,0.16,13,4.4
CUS-0146,54,Female,Chennai,49771.6,846.15,2.2,384.61,25,7,Electronics,22,0.22,1,3.3
CUS-0147,68,Female,Mumbai,44455.4,1231.64,2.0,615.82,23,6,Sports,19,0.56,14,5.0
CUS-0148,58,Male,Chennai,27914.57,1210.26,5.4,224.12,28,16,Fashion,22,0.69,7,3.7
CUS-0149,44,Male,Pune,45356.45,320.11,3.6,88.92,19,11,Home & Living,29,0.41,17,4.1
CUS-0150,76,Male,Chennai,88067.86,2432.22,11.4,213.35,4,34,Beauty,26,0.31,9,4.2
CUS-0151,69,Female,Pune,79044.05,291.03,2.3,126.53,128,7,Sports,29,0.56,6,2.1
CUS-0152,37,Non-binary,Mumbai,40312.34,428.53,1.1,389.57,13,3,Electronics,9,0.48,10,2.9
CUS-0153,76,Female,Hyderabad,96587.77,2298.41,8.1,283.75,7,24,Electronics,28,0.64,10,4.1
CUS-0154,34,Female,Hyderabad,18216.93,1023.87,5.0,204.77,30,15,Sports,9,0.35,13,5.0
CUS-0155,76,Male,Pune,101510.35,1891.28,9.0,210.14,4,27,Electronics,23,0.1,9,2.7
CUS-0156,61,Male,Chennai,49615.65,665.85,2.4,277.44,57,7,Beauty,24,0.56,7,2.1
CUS-0157,55,Female,Bengaluru,71169.51,502.93,4.7,107.01,23,14,Fashion,9,0.47,8,3.9
CUS-0158,48,Male,Mumbai,70219.25,839.97,1.7,494.1,73,5,Beauty,16,0.23,9,1.7
CUS-0159,50,Male,Chennai,46383.46,402.11,4.5,89.36,125,14,Sports,22,0.28,14,1.7
CUS-0160,35,Female,Delhi,56308.27,608.89,4.5,135.31,143,14,Electronics,23,0.41,20,2.2
CUS-0161,76,Male,Hyderabad,67306.95,2260.25,9.6,235.44,0,29,Electronics,17,0.33,15,3.9
CUS-0162,35,Male,Pune,49988.79,494.56,0.5,989.12,8,2,Home & Living,1,0.76,15,3.7
CUS-0163,43,Male,Chennai,61858.09,856.4,3.6,237.89,18,11,Home & Living,3,0.1,4,3.3
CUS-0164,76,Female,Delhi,64577.92,1954.13,8.5,229.9,6,26,Home & Living,24,0.73,8,4.2
CUS-0165,54,Male,Hyderabad,38678.12,486.79,4.9,99.34,20,15,Beauty,28,0.48,12,4.0
CUS-0166,46,Female,Pune,51370.85,1143.33,4.9,233.33,23,15,Fashion,15,0.78,7,4.4
CUS-0167,47,Male,Mumbai,78250.56,660.08,5.4,122.24,122,16,Fashion,31,0.22,16,3.3
CUS-0168,69,Male,Mumbai,75510.78,738.56,4.4,167.85,79,13,Fashion,39,0.53,15,3.1
CUS-0169,41,Male,Mumbai,53375.73,1076.59,6.8,158.32,31,20,Beauty,14,0.67,20,4.4
CUS-0170,34,Female,Bengaluru,34907.32,365.37,3.3,110.72,10,10,Home & Living,5,0.53,16,3.5
CUS-0171,30,Female,Chennai,63031.04,1059.49,5.7,185.88,26,17,Beauty,15,0.04,9,5.0
CUS-0172,28,Male,Hyderabad,61196.61,925.32,2.4,385.55,24,7,Home & Living,13,0.41,15,4.8
CUS-0173,64,Female,Hyderabad,58943.3,1252.82,4.9,255.68,16,15,Sports,17,0.46,1,4.3
CUS-0174,60,Male,Pune,51088.98,438.44,3.9,112.42,7,12,Home & Living,1,0.18,17,3.5
CUS-0175,76,Female,Pune,82208.64,2665.09,10.0,266.51,9,30,Sports,26,0.54,6,5.0
CUS-0176,76,Male,Mumbai,95007.96,1926.12,7.2,267.52,0,22,Fashion,31,0.2,18,4.0
CUS-0177,50,Male,Hyderabad,72063.27,723.63,3.5,206.75,14,10,Electronics,4,0.5,7,3.8
CUS-0178,18,Male,Pune,29986.33,513.78,1.8,285.43,7,5,Beauty,1,0.69,12,3.7
CUS-0179,33,Female,Delhi,62499.18,337.67,3.9,86.58,7,12,Home & Living,3,0.7,16,4.7
CUS-0180,52,Male,Bengaluru,57376.75,584.5,3.2,182.66,71,10,Fashion,21,0.39,10,3.9
CUS-0181,29,Female,Pune,45509.28,313.42,5.1,61.45,13,15,Electronics,1,0.41,8,4.1
CUS-0182,24,Female,Delhi,37970.96,318.36,2.4,132.65,5,7,Electronics,1,0.13,9,3.9
CUS-0183,47,Female,Hyderabad,42708.1,1277.4,5.8,220.24,20,17,Home & Living,18,0.57,13,3.0
CUS-0184,52,Male,Mumbai,72925.82,1177.0,4.5,261.56,22,14,Fashion,3,0.05,17,2.9
CUS-0185,41,Male,Hyderabad,44287.48,620.32,2.2,281.96,105,7,Beauty,29,0.53,6,3.5
CUS-0186,43,Male,Bengaluru,74166.03,714.41,4.0,178.6,26,12,Sports,30,0.64,10,3.4
CUS-0187,47,Female,Hyderabad,34956.69,965.4,4.6,209.87,27,14,Electronics,8,0.52,17,3.0
CUS-0188,76,Female,Hyderabad,74233.94,1878.83,9.0,208.76,1,27,Sports,15,0.79,19,3.7
CUS-0189,55,Non-binary,Bengaluru,54355.47,641.62,1.0,641.62,73,3,Home & Living,32,0.11,2,3.6
CUS-0190,60,Male,Mumbai,69936.84,911.98,4.1,222.43,24,12,Beauty,13,0.46,11,4.6
CUS-0191,21,Female,Chennai,51070.15,495.61,2.3,215.48,5,7,Sports,1,0.38,8,3.6
CUS-0192,27,Male,Pune,81242.36,1125.54,6.0,187.59,20,18,Beauty,14,0.23,24,4.3
CUS-0193,74,Female,Delhi,91047.95,3266.6,8.1,403.28,8,24,Home & Living,26,0.62,11,4.0
CUS-0194,28,Male,Delhi,33658.27,409.06,3.9,104.89,13,12,Beauty,8,0.34,9,4.3
CUS-0195,72,Male,Mumbai,79446.18,2903.58,10.9,266.38,5,33,Sports,36,0.38,12,3.2
CUS-0196,73,Female,Bengaluru,77769.15,2092.53,8.9,235.12,0,27,Electronics,29,0.28,15,3.2
CUS-0197,51,Female,Chennai,64015.66,952.09,3.4,280.03,32,10,Sports,4,0.79,6,4.5
CUS-0198,45,Male,Mumbai,24918.96,409.16,2.5,163.66,13,8,Electronics,4,0.53,16,4.3
CUS-0199,76,Male,Bengaluru,72966.61,2072.99,8.0,259.12,7,24,Beauty,22,0.21,17,4.1
CUS-0200,38,Male,Hyderabad,78406.03,978.77,4.7,208.25,13,14,Electronics,20,0.48,26,3.4
CUS-0201,42,Male,Pune,68962.22,690.54,4.4,156.94,78,13,Home & Living,20,0.21,11,1.8
CUS-0202,20,Female,Bengaluru,32254.9,459.96,0.6,766.6,12,2,Fashion,11,0.7,12,4.3
CUS-0203,49,Female,Hyderabad,46844.89,763.6,4.3,177.58,18,13,Electronics,11,0.1,15,4.0
CUS-0204,70,Female,Mumbai,96536.76,1589.86,8.7,182.74,3,26,Home & Living,24,0.75,11,3.3
CUS-0205,76,Male,Pune,75840.16,2399.36,12.1,198.29,10,36,Fashion,35,0.07,5,4.5
CUS-0206,40,Male,Bengaluru,56788.63,803.06,3.0,267.69,26,9,Fashion,17,0.39,9,3.6
CUS-0207,76,Female,Mumbai,102450.96,1964.99,11.0,178.64,9,33,Beauty,21,0.48,19,4.7
CUS-0208,56,Male,Hyderabad,56105.55,717.07,2.1,341.46,111,6,Fashion,36,0.09,14,2.8
CUS-0209,52,Female,Delhi,49549.29,2705.98,8.1,334.07,10,24,Fashion,15,0.31,12,3.6
CUS-0210,48,Male,Chennai,27600.81,794.59,6.8,116.85,27,20,Electronics,15,0.32,8,4.1
CUS-0211,59,Female,Mumbai,48251.86,580.43,2.1,276.4,130,6,Sports,26,0.63,4,2.8
CUS-0212,50,Female,Bengaluru,78576.06,1265.49,5.1,248.14,21,15,Fashion,32,0.37,7,3.3
CUS-0213,76,Male,Hyderabad,96711.16,3119.44,9.0,346.6,0,27,Beauty,22,0.28,1,4.6
CUS-0214,53,Male,Pune,72634.1,622.35,5.6,111.13,117,17,Beauty,24,0.37,16,3.2
CUS-0215,33,Female,Mumbai,41193.73,745.59,4.4,169.45,94,13,Fashion,33,0.17,6,3.2
CUS-0216,54,Female,Bengaluru,69949.75,738.28,0.6,1230.47,97,2,Sports,27,0.57,10,3.7
CUS-0217,76,Female,Hyderabad,69363.14,2515.69,8.8,285.87,6,26,Electronics,30,0.37,15,3.5
CUS-0218,70,Female,Mumbai,82387.66,1744.32,8.9,195.99,2,27,Sports,21,0.58,11,5.0
CUS-0219,36,Female,Delhi,36208.95,445.85,1.8,247.69,7,5,Sports,10,0.52,3,4.4
CUS-0220,61,Female,Pune,39485.18,556.62,4.8,115.96,19,14,Electronics,8,0.07,8,3.7
CUS-0221,56,Male,Bengaluru,34612.27,985.13,3.5,281.47,18,10,Beauty,22,0.17,20,3.4
CUS-0222,62,Male,Delhi,42696.22,1084.82,7.6,142.74,26,23,Electronics,23,0.02,11,4.4
CUS-0223,57,Female,Chennai,40103.92,718.37,1.2,598.64,112,4,Beauty,30,0.24,7,2.9
CUS-0224,25,Male,Hyderabad,20870.12,438.7,2.3,190.74,10,7,Electronics,7,0.61,13,3.6
CUS-0225,52,Female,Mumbai,63894.68,961.82,3.9,246.62,15,12,Electronics,24,0.57,13,5.0
CUS-0226,32,Female,Chennai,89358.2,445.72,1.5,297.15,12,4,Fashion,3,0.56,12,4.1
CUS-0227,70,Female,Mumbai,90295.99,2049.65,9.3,220.39,4,28,Electronics,13,0.15,10,4.3
CUS-0228,54,Male,Pune,64025.83,1027.62,3.9,263.49,16,12,Sports,7,0.45,14,4.5
CUS-0229,56,Female,Chennai,73228.92,820.86,0.5,1641.72,102,2,Home & Living,21,0.1,7,3.3
CUS-0230,76,Female,Chennai,61712.92,1983.42,8.1,244.87,0,24,Fashion,18,0.62,5,3.9
CUS-0231,76,Male,Hyderabad,62771.52,2990.26,9.2,325.03,8,28,Sports,21,0.27,13,3.8
CUS-0232,53,Male,Bengaluru,58327.19,824.98,6.2,133.06,25,19,Beauty,8,0.36,13,3.3
CUS-0233,48,Male,Chennai,76595.49,563.84,3.2,176.2,4,10,Home & Living,5,0.76,6,4.0
CUS-0234,54,Female,Bengaluru,29955.88,1294.25,4.2,308.15,19,13,Sports,19,0.5,14,4.5
CUS-0235,22,Female,Chennai,58668.56,446.16,0.6,743.6,11,2,Home & Living,1,0.49,15,4.1
CUS-0236,68,Female,Pune,60084.27,837.67,0.5,1675.34,78,2,Electronics,39,0.29,9,3.1
CUS-0237,35,Female,Mumbai,58488.31,838.17,7.1,118.05,21,21,Electronics,13,0.64,16,3.8
CUS-0238,54,Female,Mumbai,54764.91,495.26,0.5,990.52,75,2,Home & Living,25,0.39,14,2.7
CUS-0239,76,Female,Pune,71751.75,1617.29,10.9,148.38,1,33,Fashion,22,0.13,8,4.3
CUS-0240,73,Female,Hyderabad,93525.96,2364.91,10.1,234.15,6,30,Electronics,38,0.76,15,5.0
CUS-0241,61,Male,Chennai,68554.3,515.34,3.3,156.16,109,10,Sports,26,0.13,16,3.5
CUS-0242,54,Female,Bengaluru,50080.08,806.3,3.9,206.74,97,12,Beauty,33,0.67,12,3.3
CUS-0243,48,Male,Pune,42418.37,954.33,4.4,216.89,19,13,Electronics,16,0.42,9,4.3
CUS-0244,36,Male,Mumbai,27151.32,1124.22,4.3,261.45,13,13,Sports,14,0.33,11,4.3
CUS-0245,45,Male,Mumbai,61839.09,814.75,2.9,280.95,30,9,Home & Living,23,0.46,5,3.1
CUS-0246,34,Female,Chennai,18000.0,326.42,2.1,155.44,10,6,Fashion,2,0.55,11,3.9
CUS-0247,39,Female,Bengaluru,37164.67,678.65,1.5,452.43,87,4,Sports,21,0.72,12,3.2
CUS-0248,68,Male,Bengaluru,42497.45,1047.16,4.7,222.8,13,14,Beauty,12,0.26,2,3.6
CUS-0249,36,Female,Pune,62540.58,743.92,5.6,132.84,19,17,Sports,18,0.46,7,4.6
CUS-0250,31,Female,Hyderabad,33237.96,1331.02,5.8,229.49,13,17,Home & Living,15,0.69,1,4.1
CUS-0251,52,Male,Chennai,43106.64,698.79,2.4,291.16,122,7,Home & Living,28,0.52,16,2.5
CUS-0252,65,Male,Hyderabad,46854.12,472.93,2.3,205.62,5,7,Beauty,13,0.74,11,3.3
CUS-0253,53,Male,Chennai,42778.01,885.23,4.9,180.66,22,15,Electronics,16,0.36,16,3.8
CUS-0254,43,Female,Bengaluru,68857.49,941.39,4.0,235.35,32,12,Electronics,21,0.2,6,4.1
CUS-0255,37,Female,Bengaluru,49555.75,973.22,5.9,164.95,14,18,Fashion,19,0.8,17,3.0
CUS-0256,71,Female,Bengaluru,75782.41,630.52,0.5,1261.04,63,2,Beauty,32,0.51,9,3.6
CUS-0257,56,Male,Pune,52817.0,839.08,3.5,239.74,119,10,Sports,33,0.26,11,2.9
CUS-0258,66,Male,Delhi,68315.02,2539.08,9.1,279.02,8,27,Fashion,31,0.62,13,3.9
CUS-0259,76,Male,Pune,93773.49,2493.04,7.8,319.62,6,23,Beauty,27,0.28,13,3.2
CUS-0260,41,Female,Mumbai,70411.57,880.58,5.3,166.15,22,16,Electronics,20,0.75,11,3.8
CUS-0261,62,Female,Hyderabad,68872.71,2621.6,11.7,224.07,4,35,Beauty,34,0.56,17,4.2
CUS-0262,61,Female,Bengaluru,39428.47,625.34,3.6,173.71,98,11,Sports,30,0.71,13,2.9
CUS-0263,40,Female,Delhi,78887.73,776.52,6.3,123.26,15,19,Home & Living,23,0.19,15,3.9
CUS-0264,76,Female,Pune,90156.02,1924.03,10.3,186.8,1,31,Beauty,22,0.21,19,4.4
CUS-0265,21,Female,Hyderabad,48699.71,493.15,3.0,164.38,9,9,Electronics,1,0.19,12,4.1
CUS-0266,76,Female,Chennai,62199.3,3583.42,10.4,344.56,5,31,Fashion,38,0.5,12,3.6
CUS-0267,41,Female,Chennai,52406.56,1360.63,6.7,203.08,35,20,Electronics,13,0.35,2,4.8
CUS-0268,76,Female,Pune,122284.89,3239.91,7.6,426.3,0,23,Electronics,34,0.44,10,4.4
CUS-0269,71,Male,Chennai,74328.96,1332.83,8.9,149.76,2,27,Beauty,26,0.28,12,3.7
CUS-0270,70,Male,Chennai,100433.2,3564.73,9.4,379.23,8,28,Sports,28,0.65,16,3.6
CUS-0271,76,Male,Pune,80856.8,2248.17,7.7,291.97,0,23,Beauty,13,0.57,10,3.6
CUS-0272,76,Non-binary,Mumbai,59963.08,2173.6,11.5,189.01,9,34,Fashion,25,0.36,14,4.3
CUS-0273,76,Female,Chennai,79874.39,1877.6,12.2,153.9,6,37,Sports,20,0.09,10,3.1
CUS-0274,48,Female,Bengaluru,35590.95,981.21,2.4,408.84,25,7,Sports,2,0.27,20,3.4
CUS-0275,62,Male,Mumbai,49809.0,576.65,2.4,240.27,83,7,Beauty,20,0.55,4,3.2
CUS-0276,76,Non-binary,Hyderabad,74802.72,930.48,5.8,160.43,29,17,Electronics,10,0.2,10,3.4
CUS-0277,34,Female,Pune,52392.41,781.05,3.6,216.96,20,11,Fashion,14,0.46,10,3.8
CUS-0278,53,Female,Bengaluru,63891.17,968.38,4.6,210.52,26,14,Fashion,19,0.14,12,4.0
CUS-0279,42,Male,Mumbai,55811.74,409.84,3.1,132.21,11,9,Electronics,5,0.35,7,4.4
CUS-0280,66,Female,Hyderabad,34853.28,375.02,1.9,197.38,7,6,Beauty,1,0.28,7,3.1
CUS-0281,76,Female,Bengaluru,128395.16,1439.95,9.0,159.99,8,27,Home & Living,22,0.64,10,4.4
CUS-0282,76,Male,Hyderabad,75652.4,1667.41,9.2,181.24,3,28,Fashion,29,0.24,13,4.0
CUS-0283,60,Male,Delhi,67995.19,1161.48,5.4,215.09,14,16,Electronics,18,0.55,16,3.5
CUS-0284,38,Female,Bengaluru,60558.4,520.05,4.7,110.65,16,14,Fashion,25,0.11,4,3.8
CUS-0285,48,Male,Hyderabad,81699.63,841.27,4.1,205.19,25,12,Sports,5,0.78,14,3.1
CUS-0286,36,Male,Delhi,66627.22,877.24,4.7,186.65,23,14,Home & Living,22,0.5,6,4.1
CUS-0287,76,Male,Mumbai,90054.02,2224.4,9.9,224.69,8,30,Home & Living,18,0.71,11,4.9
CUS-0288,44,Female,Mumbai,68540.91,935.46,6.5,143.92,20,20,Fashion,21,0.54,12,3.4
CUS-0289,37,Male,Mumbai,87495.15,773.35,4.6,168.12,25,14,Home & Living,15,0.73,10,3.2
CUS-0290,76,Female,Mumbai,88336.53,2449.54,12.1,202.44,13,36,Beauty,30,0.08,13,3.6
CUS-0291,20,Female,Chennai,35276.09,231.29,1.9,121.73,8,6,Sports,6,0.77,14,3.3
CUS-0292,76,Female,Bengaluru,56147.87,2640.41,8.0,330.05,6,24,Fashion,24,0.56,8,3.3
CUS-0293,20,Male,Hyderabad,47277.98,452.21,0.5,904.42,8,2,Electronics,13,0.08,17,3.6
CUS-0294,76,Female,Bengaluru,67902.61,2249.03,8.9,252.7,0,27,Home & Living,7,0.08,14,3.1
CUS-0295,19,Female,Chennai,69504.38,452.36,0.9,502.62,5,3,Fashion,2,0.09,23,3.1
CUS-0296,23,Female,Mumbai,24200.39,556.34,0.5,1112.68,6,2,Home & Living,1,0.14,9,3.6
CUS-0297,37,Male,Mumbai,47172.77,388.13,2.3,168.75,10,7,Home & Living,10,0.09,3,3.2
CUS-0298,47,Male,Delhi,43899.75,737.33,3.4,216.86,98,10,Beauty,36,0.73,11,3.8
CUS-0299,57,Male,Hyderabad,55930.55,794.73,1.1,722.48,124,3,Fashion,14,0.61,10,2.6
CUS-0300,76,Male,Delhi,59740.92,684.24,1.7,402.49,117,5,Sports,23,0.37,17,3.7
CUS-0301,61,Non-binary,Pune,53518.12,548.76,2.0,274.38,79,6,Beauty,20,0.11,12,3.1
CUS-0302,76,Male,Hyderabad,72906.59,2580.12,9.9,260.62,7,30,Home & Living,26,0.34,9,3.2
CUS-0303,39,Male,Bengaluru,43247.88,1050.3,3.2,328.22,23,10,Fashion,8,0.44,7,4.3
CUS-0304,40,Female,Bengaluru,69386.57,801.89,4.5,178.2,26,14,Fashion,17,0.51,18,3.8
CUS-0305,31,Male,Pune,48365.15,537.56,0.6,895.93,12,2,Electronics,16,0.73,10,4.8
CUS-0306,58,Female,Chennai,48064.32,994.55,4.8,207.2,13,14,Home & Living,9,0.4,7,4.3
CUS-0307,46,Male,Pune,56342.31,844.75,3.1,272.5,18,9,Home & Living,17,0.59,10,3.6
CUS-0308,54,Male,Pune,62274.83,674.88,2.1,321.37,90,6,Beauty,26,0.43,10,3.0
CUS-0309,57,Female,Bengaluru,51612.61,826.52,5.4,153.06,26,16,Home & Living,20,0.47,10,4.1
CUS-0310,76,Female,Hyderabad,73166.81,2504.5,8.6,291.22,4,26,Sports,23,0.21,9,3.9
CUS-0311,46,Non-binary,Mumbai,75854.63,761.99,3.1,245.8,19,9,Fashion,12,0.5,15,4.0
CUS-0312,43,Male,Delhi,69619.03,763.43,4.8,159.05,26,14,Sports,31,0.12,7,3.3
CUS-0313,54,Female,Chennai,24966.14,1136.44,5.6,202.94,25,17,Home & Living,17,0.16,20,3.8
CUS-0314,56,Male,Mumbai,18000.0,1284.88,6.6,194.68,25,20,Electronics,11,0.18,6,3.7
CUS-0315,60,Male,Delhi,68794.52,782.74,3.8,205.98,16,11,Electronics,18,0.16,10,4.6
CUS-0316,44,Female,Chennai,49778.31,1181.92,3.4,347.62,21,10,Home & Living,8,0.05,17,4.1
CUS-0317,36,Male,Hyderabad,58085.25,1737.52,4.6,377.72,29,14,Beauty,3,0.42,20,3.9
CUS-0318,36,Female,Mumbai,54465.31,741.37,4.3,172.41,80,13,Electronics,30,0.68,16,3.3
CUS-0319,33,Male,Delhi,31953.08,643.23,5.5,116.95,15,16,Fashion,8,0.42,13,4.6
CUS-0320,41,Female,Chennai,42028.51,312.05,0.8,390.06,11,2,Electronics,1,0.25,17,4.0
CUS-0321,19,Female,Chennai,78543.14,458.74,1.8,254.86,7,5,Sports,18,0.49,15,4.3
CUS-0322,36,Female,Mumbai,73640.48,1014.59,3.6,281.83,23,11,Home & Living,10,0.39,13,5.0
CUS-0323,63,Female,Pune,49082.91,1152.4,4.8,240.08,22,14,Sports,18,0.64,10,3.9
CUS-0324,63,Female,Hyderabad,72552.33,1341.96,5.5,243.99,24,16,Sports,38,0.07,7,4.2
CUS-0325,39,Female,Hyderabad,72052.22,511.22,0.9,568.02,7,3,Sports,13,0.68,13,4.1
CUS-0326,58,Female,Pune,59540.23,685.08,3.2,214.09,74,10,Home & Living,20,0.76,12,3.0
CUS-0327,58,Male,Hyderabad,68813.01,919.2,1.4,656.57,105,4,Electronics,15,0.76,15,2.0
CUS-0328,60,Non-binary,Chennai,77378.19,1016.53,4.3,236.4,17,13,Beauty,22,0.48,8,3.6
CUS-0329,59,Male,Mumbai,79327.5,472.53,2.0,236.26,137,6,Electronics,30,0.72,14,2.9
CUS-0330,43,Male,Hyderabad,37864.65,371.06,6.8,54.57,19,20,Fashion,27,0.47,7,3.9
CUS-0331,60,Female,Delhi,53730.31,538.72,0.5,1077.44,104,2,Beauty,26,0.64,19,2.9
CUS-0332,75,Female,Delhi,101138.28,2057.44,8.5,242.05,5,26,Sports,38,0.06,1,4.2
CUS-0333,56,Male,Mumbai,61495.2,675.32,2.6,259.74,81,8,Fashion,21,0.2,7,3.1
CUS-0334,18,Female,Pune,42713.49,375.4,0.5,750.8,11,2,Sports,1,0.47,5,4.8
CUS-0335,76,Female,Bengaluru,92837.32,2487.32,8.3,299.68,4,25,Sports,9,0.38,10,3.7
CUS-0336,49,Male,Chennai,66535.35,311.96,1.0,311.96,89,3,Beauty,19,0.14,3,2.4
CUS-0337,71,Non-binary,Hyderabad,97103.03,2142.03,9.0,238.0,6,27,Electronics,21,0.53,1,4.5
CUS-0338,60,Male,Bengaluru,57933.34,800.14,2.1,381.02,67,6,Beauty,40,0.67,1,2.2
CUS-0339,76,Female,Mumbai,76040.96,3520.18,7.6,463.18,2,23,Beauty,29,0.44,9,4.3
CUS-0340,18,Female,Bengaluru,66402.45,549.12,2.1,261.49,6,6,Home & Living,5,0.03,8,3.4
CUS-0341,66,Female,Delhi,82824.26,2005.09,8.8,227.85,8,26,Beauty,20,0.42,10,3.1
CUS-0342,50,Male,Chennai,38687.54,344.2,2.8,122.93,13,8,Fashion,6,0.62,17,4.6
CUS-0343,64,Male,Pune,38052.36,516.17,1.3,397.05,61,4,Beauty,26,0.4,10,2.1
CUS-0344,53,Female,Delhi,59247.4,1143.32,7.5,152.44,14,22,Sports,9,0.23,1,4.0
CUS-0345,44,Female,Delhi,62420.91,749.24,0.8,936.55,94,2,Beauty,22,0.62,4,3.2
CUS-0346,62,Male,Bengaluru,100307.14,636.3,1.4,454.5,102,4,Electronics,27,0.05,7,3.5
CUS-0347,40,Male,Chennai,40657.52,664.61,1.4,474.72,7,4,Electronics,16,0.4,7,4.3
CUS-0348,50,Male,Bengaluru,44934.0,1038.76,5.9,176.06,24,18,Home & Living,17,0.71,7,4.9
CUS-0349,36,Female,Mumbai,60042.18,1351.18,4.4,307.09,16,13,Electronics,18,0.51,8,2.8
CUS-0350,76,Female,Pune,75596.56,3025.31,7.4,408.83,2,22,Electronics,35,0.26,5,3.5
CUS-0351,62,Female,Hyderabad,56601.95,887.63,2.1,422.68,116,6,Home & Living,33,0.52,9,2.0
CUS-0352,68,Female,Hyderabad,88693.75,2443.16,9.3,262.71,4,28,Fashion,25,0.06,18,4.5
CUS-0353,51,Female,Delhi,81907.71,948.24,2.7,351.2,23,8,Electronics,8,0.74,16,4.1
CUS-0354,27,Female,Hyderabad,37731.3,954.83,5.6,170.51,28,17,Home & Living,16,0.1,15,3.6
CUS-0355,40,Male,Bengaluru,58933.64,1320.18,7.3,180.85,26,22,Home & Living,7,0.7,9,4.4
CUS-0356,39,Female,Bengaluru,58295.65,1064.28,4.5,236.51,22,14,Electronics,20,0.7,6,4.2
CUS-0357,54,Male,Pune,87074.59,751.43,2.7,278.31,72,8,Beauty,10,0.59,14,2.8
CUS-0358,64,Male,Delhi,63179.65,631.82,4.1,154.1,129,12,Sports,16,0.31,10,3.5
CUS-0359,65,Male,Delhi,57041.14,1122.62,4.4,255.14,23,13,Sports,24,0.29,14,4.0
CUS-0360,47,Male,Pune,62118.34,993.24,4.6,215.92,15,14,Electronics,12,0.22,20,3.8
CUS-0361,27,Male,Delhi,32036.93,136.52,4.1,33.3,11,12,Beauty,1,0.12,11,4.5
CUS-0362,76,Female,Hyderabad,89816.83,2853.36,8.7,327.97,0,26,Home & Living,13,0.11,5,4.2
CUS-0363,66,Female,Hyderabad,33301.34,2128.21,8.0,266.03,3,24,Sports,30,0.41,10,3.5
CUS-0364,76,Male,Pune,71358.46,2263.92,9.7,233.39,6,29,Fashion,20,0.33,10,3.5
CUS-0365,56,Female,Pune,50863.81,415.16,1.0,415.16,77,3,Beauty,45,0.73,17,3.4
CUS-0366,68,Male,Pune,40607.97,848.28,1.2,706.9,23,4,Electronics,25,0.27,14,3.5
CUS-0367,43,Female,Delhi,86625.82,578.29,2.4,240.95,77,7,Electronics,19,0.59,10,2.7
CUS-0368,68,Male,Delhi,65489.23,558.72,2.7,206.93,110,8,Sports,27,0.2,11,3.4
CUS-0369,42,Male,Chennai,24198.59,1115.37,5.2,214.49,20,16,Home & Living,10,0.34,13,3.7
CUS-0370,47,Female,Pune,26724.15,584.95,1.0,584.95,10,3,Sports,5,0.12,6,4.0
CUS-0371,52,Female,Hyderabad,64753.64,627.53,3.9,160.91,86,12,Electronics,26,0.62,22,1.8
CUS-0372,43,Female,Pune,53140.98,1155.16,3.7,312.21,20,11,Beauty,15,0.41,10,3.9
CUS-0373,50,Female,Mumbai,65251.39,710.45,3.1,229.18,23,9,Home & Living,19,0.21,19,3.7
CUS-0374,49,Female,Chennai,66870.15,825.44,3.4,242.78,23,10,Fashion,27,0.49,12,3.5
CUS-0375,76,Non-binary,Mumbai,59630.23,2515.2,11.7,214.97,3,35,Fashion,28,0.23,14,3.5
CUS-0376,65,Male,Hyderabad,82456.87,2199.33,9.5,231.51,5,28,Fashion,24,0.57,4,4.0
CUS-0377,56,Female,Bengaluru,50118.32,106.46,0.5,212.92,13,2,Fashion,1,0.66,15,3.8
CUS-0378,43,Female,Mumbai,53604.21,946.73,5.6,169.06,14,17,Fashion,29,0.58,8,4.0
CUS-0379,48,Female,Pune,47013.06,940.93,4.8,196.03,32,14,Fashion,14,0.17,4,3.7
CUS-0380,48,Male,Delhi,84315.58,803.72,1.5,535.81,88,4,Beauty,36,0.2,4,1.9
CUS-0381,36,Female,Bengaluru,40214.4,782.61,2.5,313.04,28,8,Fashion,18,0.14,5,3.2
CUS-0382,22,Female,Hyderabad,40158.64,510.96,3.0,170.32,10,9,Beauty,1,0.27,21,3.0
CUS-0383,53,Male,Bengaluru,80187.98,574.94,0.5,1149.88,56,2,Sports,32,0.15,13,2.5
CUS-0384,48,Female,Delhi,38808.96,1440.99,4.3,335.11,22,13,Sports,6,0.48,5,3.8
CUS-0385,58,Male,Mumbai,62454.37,699.45,5.5,127.17,18,16,Beauty,14,0.36,9,4.1
CUS-0386,52,Female,Chennai,38100.26,476.38,3.5,136.11,7,10,Beauty,1,0.42,14,4.7
CUS-0387,59,Male,Mumbai,53669.13,691.52,0.5,1383.04,143,2,Beauty,36,0.27,6,2.7
CUS-0388,33,Male,Mumbai,28443.49,455.98,2.5,182.39,10,8,Electronics,1,0.71,12,4.5
CUS-0389,76,Non-binary,Hyderabad,96847.01,1642.53,9.8,167.61,8,29,Fashion,26,0.78,16,4.4
CUS-0390,24,Male,Pune,68552.86,381.11,2.6,146.58,4,8,Home & Living,8,0.15,12,3.7
CUS-0391,53,Female,Delhi,48689.44,988.35,2.1,470.64,93,6,Fashion,33,0.29,6,3.0
CUS-0392,59,Female,Chennai,101569.63,2446.13,12.4,197.27,2,37,Beauty,19,0.35,12,3.7
CUS-0393,40,Female,Pune,55213.38,697.09,4.2,165.97,21,13,Home & Living,6,0.3,1,3.8
CUS-0394,49,Male,Pune,63170.86,863.89,3.1,278.67,98,9,Fashion,16,0.66,3,3.2
CUS-0395,76,Male,Pune,88010.19,2876.5,8.8,326.88,3,26,Beauty,19,0.74,16,3.8
CUS-0396,56,Female,Mumbai,53995.85,891.19,3.6,247.55,24,11,Home & Living,17,0.36,2,4.2
CUS-0397,47,Female,Delhi,65632.66,472.58,3.4,138.99,93,10,Sports,30,0.05,6,2.7
CUS-0398,34,Female,Mumbai,67334.59,1199.33,3.7,324.14,19,11,Sports,1,0.72,10,4.5
CUS-0399,27,Female,Delhi,71789.86,1235.47,5.9,209.4,13,18,Fashion,20,0.26,2,3.4
CUS-0400,48,Female,Mumbai,40011.21,537.72,5.3,101.46,26,16,Beauty,8,0.51,16,4.2
CUS-0401,49,Male,Chennai,70722.47,957.11,3.8,251.87,19,11,Home & Living,16,0.02,5,4.4
CUS-0402,24,Male,Pune,37358.26,456.1,1.4,325.79,7,4,Beauty,12,0.55,10,5.0
CUS-0403,52,Female,Pune,80621.6,747.8,2.4,311.58,77,7,Electronics,21,0.15,11,2.9
CUS-0404,76,Female,Bengaluru,104475.71,1977.25,8.1,244.1,5,24,Sports,27,0.37,10,4.3
CUS-0405,32,Female,Delhi,58061.29,324.54,5.0,64.91,14,15,Electronics,11,0.13,11,3.6
CUS-0406,44,Female,Pune,34771.57,481.37,1.4,343.84,10,4,Beauty,9,0.1,13,4.4
CUS-0407,45,Female,Chennai,41875.23,989.04,5.7,173.52,21,17,Beauty,12,0.1,13,4.8
CUS-0408,37,Male,Chennai,42152.21,421.2,0.5,842.4,8,2,Beauty,1,0.17,13,3.7
CUS-0409,76,Female,Chennai,80686.74,2120.81,5.5,385.6,5,16,Sports,35,0.77,11,3.3
CUS-0410,52,Male,Pune,39516.68,556.51,1.9,292.9,8,6,Electronics,7,0.26,1,4.0
CUS-0411,39,Female,Hyderabad,86660.51,532.28,2.5,212.91,68,8,Beauty,35,0.69,14,2.9
CUS-0412,51,Female,Pune,45496.07,649.2,5.2,124.85,53,16,Home & Living,23,0.28,10,3.0
CUS-0413,76,Female,Chennai,66364.35,2755.11,9.8,281.13,5,29,Fashion,16,0.33,13,4.2
CUS-0414,41,Male,Delhi,63451.73,427.19,3.1,137.8,9,9,Electronics,5,0.49,6,3.3
CUS-0415,61,Female,Delhi,79840.79,1823.7,7.4,246.45,6,22,Fashion,29,0.54,8,4.3
CUS-0416,40,Female,Delhi,40676.26,1151.59,6.5,177.17,11,20,Electronics,25,0.54,16,4.2
CUS-0417,76,Male,Hyderabad,79195.05,2220.43,10.0,222.04,3,30,Home & Living,38,0.66,9,3.5
CUS-0418,59,Female,Delhi,49019.76,818.54,2.0,409.27,113,6,Beauty,35,0.13,27,3.6
CUS-0419,76,Female,Hyderabad,69585.21,3221.56,9.4,342.72,7,28,Sports,15,0.63,4,3.2
CUS-0420,37,Male,Mumbai,49221.19,470.11,3.1,151.65,9,9,Home & Living,1,0.38,14,3.6
CUS-0421,65,Male,Mumbai,78533.56,776.34,1.4,554.53,96,4,Fashion,24,0.45,20,2.2
CUS-0422,76,Male,Pune,67683.08,2571.9,10.8,238.14,2,32,Fashion,30,0.39,13,3.5
CUS-0423,76,Male,Bengaluru,122439.55,3242.02,9.6,337.71,6,29,Electronics,26,0.76,6,4.5
CUS-0424,76,Female,Delhi,107794.3,2477.54,12.0,206.46,7,36,Beauty,17,0.18,13,3.9
CUS-0425,55,Non-binary,Delhi,77960.53,897.04,3.4,263.84,110,10,Fashion,17,0.44,6,3.0
CUS-0426,73,Male,Mumbai,93161.43,765.93,1.2,638.27,103,4,Electronics,30,0.07,16,2.4
CUS-0427,56,Male,Delhi,67477.97,1207.96,5.2,232.3,22,16,Electronics,1,0.51,7,3.3
CUS-0428,50,Female,Hyderabad,48917.32,363.07,1.8,201.71,7,5,Home & Living,3,0.29,1,4.0
CUS-0429,75,Male,Hyderabad,81458.72,2479.27,8.8,281.74,5,26,Fashion,37,0.27,20,4.0
CUS-0430,75,Female,Hyderabad,72803.22,669.29,2.7,247.89,115,8,Home & Living,27,0.7,17,2.8
CUS-0431,32,Male,Bengaluru,56729.63,352.75,3.5,100.79,14,10,Home & Living,12,0.79,9,3.5
CUS-0432,53,Male,Bengaluru,86470.56,415.8,0.5,831.6,108,2,Fashion,31,0.17,13,3.6
CUS-0433,36,Male,Delhi,79813.38,799.38,1.9,420.73,99,6,Beauty,36,0.31,11,2.4
CUS-0434,40,Female,Bengaluru,53285.46,366.07,3.6,101.69,5,11,Sports,8,0.37,9,3.3
CUS-0435,76,Female,Hyderabad,64407.86,2376.89,9.3,255.58,2,28,Fashion,24,0.74,22,3.2
CUS-0436,76,Female,Pune,66215.44,1859.4,10.9,170.59,4,33,Electronics,26,0.03,10,3.3
CUS-0437,76,Male,Pune,82752.66,1992.34,11.1,179.49,8,33,Beauty,25,0.27,6,5.0
CUS-0438,36,Male,Delhi,41593.69,526.83,5.6,94.08,26,17,Home & Living,19,0.03,5,3.9
CUS-0439,45,Male,Delhi,68578.48,921.02,3.4,270.89,87,10,Electronics,24,0.45,9,3.1
CUS-0440,44,Male,Pune,46693.96,824.71,3.2,257.72,81,10,Fashion,28,0.2,15,3.4
CUS-0441,55,Male,Bengaluru,29587.93,347.21,0.5,694.42,9,2,Beauty,1,0.59,12,3.7
CUS-0442,76,Female,Chennai,95172.21,2116.02,8.4,251.91,2,25,Electronics,24,0.57,8,3.3
CUS-0443,57,Male,Pune,67611.43,682.02,2.9,235.18,57,9,Fashion,23,0.36,8,3.0
CUS-0444,76,Female,Pune,96593.54,2790.76,8.1,344.54,7,24,Sports,22,0.6,13,4.1
CUS-0445,45,Female,Hyderabad,52600.75,1089.11,3.8,286.61,23,11,Sports,7,0.5,1,4.3
CUS-0446,42,Male,Mumbai,62921.12,778.3,2.8,277.96,133,8,Beauty,40,0.31,12,2.4
CUS-0447,42,Male,Bengaluru,38321.66,356.21,2.6,137.0,10,8,Sports,7,0.44,4,4.9
CUS-0448,76,Male,Bengaluru,67958.73,553.81,0.5,1107.62,65,2,Electronics,27,0.44,15,2.8
CUS-0449,62,Male,Mumbai,93539.16,2352.43,11.1,211.93,2,33,Sports,31,0.17,13,4.8
CUS-0450,44,Female,Pune,51967.58,587.9,2.5,235.16,70,8,Sports,28,0.53,15,3.2
CUS-0451,76,Male,Pune,88724.67,1987.46,9.2,216.03,10,28,Electronics,33,0.54,12,4.0
CUS-0452,21,Male,Hyderabad,37391.24,443.13,1.9,233.23,7,6,Electronics,1,0.78,14,3.8
CUS-0453,54,Male,Mumbai,59156.58,757.14,2.3,329.19,109,7,Electronics,16,0.06,17,3.2
CUS-0454,31,Female,Pune,94384.37,1250.36,12.2,102.49,7,37,Beauty,23,0.21,13,4.6
CUS-0455,76,Female,Delhi,92957.24,1327.84,8.9,149.2,8,27,Sports,10,0.7,6,3.1
CUS-0456,76,Male,Bengaluru,89894.65,2847.63,7.5,379.68,4,22,Beauty,10,0.62,11,4.1
CUS-0457,39,Male,Pune,44757.87,448.85,1.4,320.61,10,4,Beauty,2,0.59,13,3.7
CUS-0458,52,Male,Hyderabad,53652.09,875.18,4.4,198.9,24,13,Beauty,17,0.25,8,5.0
CUS-0459,51,Female,Delhi,46798.25,397.02,0.9,441.13,108,3,Fashion,21,0.21,9,2.9
CUS-0460,71,Male,Mumbai,71342.57,720.59,5.4,133.44,50,16,Electronics,26,0.39,13,3.0
CUS-0461,37,Male,Pune,56829.97,1048.2,6.2,169.06,26,19,Sports,1,0.63,23,3.2
CUS-0462,76,Male,Hyderabad,83473.42,2996.95,8.9,336.74,7,27,Home & Living,24,0.49,11,4.1
CUS-0463,18,Male,Bengaluru,32154.79,285.39,3.4,83.94,14,10,Electronics,4,0.25,1,4.2
CUS-0464,55,Male,Chennai,24692.28,1124.58,6.4,175.72,25,19,Fashion,19,0.63,1,3.2
CUS-0465,39,Female,Bengaluru,51122.88,1024.03,5.3,193.21,17,16,Sports,17,0.68,10,4.2
CUS-0466,18,Male,Hyderabad,99379.9,582.78,3.1,187.99,97,9,Electronics,24,0.38,10,3.1
CUS-0467,69,Female,Hyderabad,70162.23,861.22,2.2,391.46,96,7,Home & Living,29,0.48,8,2.8
CUS-0468,18,Male,Pune,21908.11,414.36,1.1,376.69,7,3,Fashion,1,0.66,16,4.0
CUS-0469,75,Female,Bengaluru,101598.93,2625.81,8.1,324.17,5,24,Fashion,18,0.33,8,3.2
CUS-0470,55,Female,Delhi,71085.35,863.99,4.4,196.36,18,13,Fashion,8,0.31,13,4.3
CUS-0471,57,Male,Pune,65536.58,1012.14,4.2,240.99,23,13,Home & Living,13,0.26,11,3.9
CUS-0472,27,Male,Bengaluru,61322.59,1526.47,6.2,246.2,15,19,Fashion,17,0.32,6,3.9
CUS-0473,58,Female,Chennai,98422.03,2380.04,8.4,283.34,4,25,Electronics,23,0.44,18,4.4
CUS-0474,76,Male,Chennai,106737.67,2378.86,10.3,230.96,6,31,Home & Living,13,0.77,9,4.4
CUS-0475,47,Male,Hyderabad,71389.9,1223.41,6.6,185.37,24,20,Home & Living,11,0.41,9,4.7
CUS-0476,53,Female,Mumbai,85484.95,1508.1,5.0,301.62,14,15,Beauty,23,0.14,7,4.7
CUS-0477,60,Male,Bengaluru,71312.82,938.38,4.3,218.23,30,13,Sports,18,0.11,15,3.9
CUS-0478,65,Male,Delhi,88095.04,873.7,5.1,171.31,107,15,Sports,39,0.35,13,3.0
CUS-0479,52,Female,Delhi,58205.85,960.39,2.5,384.16,73,8,Home & Living,33,0.68,19,3.1
CUS-0480,54,Male,Pune,50743.19,1021.58,5.5,185.74,24,16,Beauty,13,0.33,19,5.0
CUS-0481,34,Male,Bengaluru,33048.46,926.45,3.5,264.7,22,10,Electronics,19,0.65,9,4.0
CUS-0482,62,Female,Bengaluru,65019.04,2840.13,7.9,359.51,0,24,Home & Living,13,0.64,1,4.7
CUS-0483,27,Male,Bengaluru,66693.52,1189.15,3.6,330.32,25,11,Beauty,3,0.44,9,4.1
CUS-0484,37,Female,Chennai,65688.66,1233.09,2.8,440.39,30,8,Sports,15,0.31,17,3.6
CUS-0485,76,Male,Delhi,85536.61,2652.01,11.6,228.62,4,35,Fashion,33,0.02,9,3.7
CUS-0486,41,Female,Chennai,30766.46,1291.64,3.7,349.09,25,11,Electronics,1,0.24,10,3.7
CUS-0487,49,Female,Chennai,45266.8,1160.27,1.8,644.59,16,5,Electronics,5,0.14,19,4.1
CUS-0488,32,Male,Pune,56801.87,1147.0,4.7,244.04,24,14,Beauty,8,0.3,10,4.2
CUS-0489,29,Male,Bengaluru,64473.22,960.71,5.9,162.83,27,18,Beauty,5,0.47,10,3.9
CUS-0490,29,Female,Hyderabad,50852.53,645.3,5.7,113.21,18,17,Fashion,21,0.79,12,4.9
CUS-0491,71,Male,Hyderabad,67036.91,576.24,1.9,303.28,75,6,Beauty,33,0.58,10,2.3
CUS-0492,41,Male,Pune,73225.05,823.1,2.2,374.14,90,7,Electronics,22,0.14,5,4.1
CUS-0493,54,Female,Bengaluru,71112.23,508.33,1.5,338.89,81,4,Fashion,21,0.05,13,3.9
CUS-0494,51,Female,Delhi,63503.88,687.11,5.8,118.47,14,17,Home & Living,21,0.13,11,2.6
CUS-0495,76,Male,Chennai,46491.65,443.48,5.2,85.28,102,16,Home & Living,20,0.29,4,3.4
CUS-0496,55,Female,Delhi,82192.54,999.89,3.8,263.13,19,11,Electronics,19,0.09,15,3.5
CUS-0497,58,Female,Mumbai,52494.64,788.46,4.3,183.36,23,13,Fashion,17,0.53,23,4.7
CUS-0498,48,Male,Pune,56422.16,703.81,2.0,351.9,128,6,Home & Living,18,0.64,8,2.8
CUS-0499,69,Female,Delhi,69227.35,889.72,6.1,145.86,26,18,Beauty,19,0.6,13,3.9
CUS-0500,46,Male,Pune,55920.73,614.79,6.0,102.46,16,18,Home & Living,1,0.71,18,4.9
CUS-0501,59,Male,Chennai,92192.09,835.58,2.2,379.81,78,7,Beauty,13,0.18,7,2.6
CUS-0502,22,Male,Chennai,37580.25,631.05,4.3,146.76,6,13,Electronics,10,0.14,7,4.0
CUS-0503,29,Female,Mumbai,66677.94,487.52,2.6,187.51,16,8,Fashion,13,0.49,9,3.3
CUS-0504,66,Female,Chennai,57108.45,957.79,3.7,258.86,22,11,Beauty,21,0.28,9,4.6
CUS-0505,32,Female,Chennai,56866.93,1340.88,4.9,273.65,26,15,Beauty,6,0.41,13,3.9
CUS-0506,50,Male,Delhi,58577.41,770.44,3.5,220.13,76,10,Fashion,28,0.39,6,3.1
CUS-0507,45,Female,Mumbai,52191.92,1271.65,2.5,508.66,18,8,Fashion,11,0.78,15,4.1
CUS-0508,43,Female,Hyderabad,36233.16,353.31,1.8,196.28,14,5,Beauty,1,0.61,14,4.0
CUS-0509,44,Female,Hyderabad,52719.62,798.87,6.1,130.96,26,18,Beauty,15,0.49,10,3.9
CUS-0510,76,Female,Bengaluru,62533.74,2094.34,8.0,261.79,3,24,Electronics,32,0.58,17,3.5
CUS-0511,74,Female,Delhi,112619.78,2245.85,9.8,229.17,3,29,Sports,25,0.37,5,4.0
CUS-0512,22,Male,Mumbai,25112.71,468.09,1.0,468.09,10,3,Electronics,1,0.33,16,4.0
CUS-0513,76,Male,Hyderabad,89575.05,2709.21,6.7,404.36,4,20,Fashion,29,0.69,15,2.8
CUS-0514,54,Female,Mumbai,94350.88,686.75,5.7,120.48,28,17,Beauty,9,0.61,6,3.7
CUS-0515,64,Female,Bengaluru,54855.31,688.89,4.0,172.22,22,12,Beauty,22,0.2,18,3.6
CUS-0516,76,Male,Pune,66326.77,3608.17,10.9,331.02,8,33,Home & Living,13,0.46,17,4.0
CUS-0517,54,Female,Chennai,81374.44,935.87,7.5,124.78,27,22,Sports,6,0.71,11,3.7
CUS-0518,59,Male,Hyderabad,101832.21,608.94,2.1,289.97,127,6,Electronics,29,0.36,2,2.1
CUS-0519,59,Male,Chennai,89669.43,3123.21,7.6,410.95,2,23,Beauty,28,0.06,6,4.7
CUS-0520,59,Female,Bengaluru,57041.13,681.46,3.2,212.96,142,10,Home & Living,23,0.18,10,3.4
CUS-0521,43,Non-binary,Mumbai,59199.63,528.42,0.6,880.7,9,2,Fashion,4,0.09,9,4.9
CUS-0522,36,Female,Chennai,38126.1,1092.4,7.1,153.86,22,21,Home & Living,11,0.72,2,4.4
CUS-0523,76,Male,Bengaluru,82679.13,1884.62,9.0,209.4,6,27,Beauty,38,0.21,3,3.7
CUS-0524,60,Male,Hyderabad,59675.49,742.88,0.5,1485.76,88,2,Fashion,36,0.11,5,3.4
CUS-0525,76,Male,Mumbai,68281.72,1604.21,9.5,168.86,3,28,Beauty,22,0.49,7,5.0
CUS-0526,48,Male,Hyderabad,37163.08,585.79,4.4,133.13,21,13,Beauty,29,0.22,10,4.4
CUS-0527,18,Female,Mumbai,44129.03,569.79,1.7,335.17,13,5,Sports,2,0.09,11,3.9
CUS-0528,51,Female,Hyderabad,46299.95,510.79,2.1,243.23,14,6,Sports,8,0.03,17,4.0
CUS-0529,56,Female,Mumbai,88345.23,678.67,4.6,147.54,112,14,Sports,30,0.65,12,3.0
CUS-0530,40,Male,Delhi,55264.68,864.41,5.2,166.23,27,16,Fashion,14,0.07,11,3.3
CUS-0531,63,Male,Bengaluru,63138.11,917.83,5.9,155.56,97,18,Fashion,20,0.18,6,3.0
CUS-0532,32,Female,Pune,52090.85,644.84,2.0,322.42,134,6,Beauty,32,0.43,10,3.0
CUS-0533,39,Female,Pune,40893.92,854.29,6.2,137.79,22,19,Sports,2,0.22,15,4.2
CUS-0534,76,Female,Hyderabad,80817.75,1136.97,4.3,264.41,116,13,Home & Living,24,0.13,7,3.2
CUS-0535,72,Male,Bengaluru,72609.14,2320.68,10.1,229.77,1,30,Sports,17,0.75,12,4.6
CUS-0536,76,Male,Delhi,100750.45,2520.78,10.4,242.38,6,31,Home & Living,32,0.12,9,3.8
CUS-0537,60,Female,Chennai,78342.32,1271.75,2.8,454.2,20,8,Home & Living,13,0.49,14,4.4
CUS-0538,76,Male,Hyderabad,76664.71,2382.47,9.4,253.45,2,28,Beauty,24,0.37,9,3.9
CUS-0539,72,Female,Mumbai,84631.5,2263.91,10.4,217.68,4,31,Fashion,11,0.65,8,4.7
CUS-0540,41,Male,Mumbai,59571.06,382.56,0.5,765.12,13,2,Beauty,14,0.3,8,4.0
CUS-0541,41,Female,Bengaluru,18000.0,469.35,0.5,938.7,10,2,Beauty,6,0.63,9,4.5
CUS-0542,51,Female,Chennai,42847.73,1037.36,4.9,211.71,28,15,Electronics,11,0.55,9,3.9
CUS-0543,23,Female,Bengaluru,61104.94,389.19,3.0,129.73,12,9,Home & Living,1,0.42,10,4.3
CUS-0544,28,Female,Hyderabad,18000.0,413.85,0.5,827.7,11,2,Beauty,4,0.41,16,3.7
CUS-0545,76,Male,Bengaluru,66171.87,2626.08,11.5,228.35,6,34,Beauty,22,0.17,7,4.2
CUS-0546,44,Male,Mumbai,45939.88,967.7,2.9,333.69,23,9,Beauty,21,0.35,13,3.9
CUS-0547,41,Female,Pune,36497.35,954.48,4.0,238.62,16,12,Beauty,4,0.78,8,3.5
CUS-0548,67,Female,Hyderabad,90368.58,2167.83,11.4,190.16,0,34,Sports,37,0.41,1,3.9
CUS-0549,48,Male,Delhi,56563.65,812.48,1.7,477.93,89,5,Sports,31,0.79,2,4.1
CUS-0550,40,Male,Delhi,51002.35,1074.96,4.2,255.94,13,13,Sports,6,0.34,9,3.1
CUS-0551,57,Female,Pune,35818.87,1365.1,6.9,197.84,15,21,Sports,20,0.43,5,3.8
CUS-0552,74,Male,Mumbai,78397.45,1947.66,10.8,180.34,9,32,Home & Living,16,0.41,8,3.8
CUS-0553,76,Female,Bengaluru,107597.23,2166.8,11.2,193.46,2,34,Sports,15,0.35,12,2.9
CUS-0554,34,Female,Mumbai,65106.4,361.01,3.4,106.18,3,10,Electronics,11,0.03,20,3.1
CUS-0555,76,Female,Hyderabad,81991.86,1610.97,9.0,179.0,10,27,Sports,31,0.79,5,3.2
CUS-0556,64,Male,Bengaluru,40749.21,1069.72,6.9,155.03,25,21,Fashion,15,0.64,14,3.9
CUS-0557,39,Female,Bengaluru,62797.23,1061.47,4.7,225.84,31,14,Sports,26,0.47,9,3.8
CUS-0558,63,Female,Mumbai,47538.72,1376.87,3.9,353.04,14,12,Beauty,19,0.49,11,3.9
CUS-0559,35,Male,Pune,70517.49,928.38,3.7,250.91,28,11,Sports,15,0.58,18,3.8
CUS-0560,35,Female,Pune,25006.11,618.34,3.9,158.55,19,12,Home & Living,18,0.46,11,5.0
CUS-0561,76,Male,Mumbai,89750.87,3275.58,7.3,448.71,4,22,Home & Living,28,0.17,8,4.6
CUS-0562,39,Female,Chennai,65646.95,1029.7,4.3,239.47,16,13,Beauty,17,0.02,8,4.0
CUS-0563,36,Male,Chennai,30988.29,318.64,1.6,199.15,10,5,Beauty,12,0.6,1,3.8
CUS-0564,40,Male,Bengaluru,57014.31,830.21,2.6,319.31,94,8,Electronics,30,0.08,17,2.9
CUS-0565,75,Female,Hyderabad,48153.78,670.26,3.3,203.11,86,10,Electronics,9,0.78,17,3.7
CUS-0566,76,Female,Hyderabad,60519.55,611.52,0.5,1223.04,132,2,Fashion,43,0.15,10,2.3
CUS-0567,73,Female,Delhi,62020.91,758.53,1.9,399.23,109,6,Electronics,17,0.77,10,3.6
CUS-0568,76,Female,Chennai,81420.8,2837.62,7.8,363.8,5,23,Home & Living,24,0.69,9,4.4
CUS-0569,43,Female,Delhi,49604.29,921.28,5.0,184.26,27,15,Fashion,8,0.76,4,4.5
CUS-0570,46,Female,Pune,39596.81,675.58,4.9,137.87,16,15,Fashion,25,0.77,13,3.5
CUS-0571,56,Male,Mumbai,36782.69,962.05,4.9,196.34,18,15,Fashion,20,0.39,2,3.5
CUS-0572,32,Female,Bengaluru,34176.59,288.53,1.3,221.95,9,4,Fashion,11,0.22,6,3.3
CUS-0573,45,Female,Delhi,41087.53,630.47,5.1,123.62,23,15,Electronics,26,0.55,7,3.7
CUS-0574,53,Male,Pune,59344.56,349.83,1.1,318.03,97,3,Fashion,36,0.7,14,3.8
CUS-0575,43,Female,Delhi,68208.39,515.88,4.4,117.25,9,13,Beauty,1,0.26,7,3.9
CUS-0576,22,Male,Mumbai,80769.44,1053.87,4.5,234.19,29,14,Beauty,7,0.58,16,4.1
CUS-0577,50,Non-binary,Chennai,22151.84,565.58,1.4,403.99,11,4,Home & Living,17,0.69,19,3.7
CUS-0578,43,Male,Bengaluru,33647.93,1042.0,3.3,315.76,18,10,Sports,7,0.17,12,3.8
CUS-0579,35,Female,Bengaluru,51989.32,388.74,3.3,117.8,11,10,Electronics,1,0.74,7,3.9
CUS-0580,39,Female,Chennai,64512.65,589.82,2.6,226.85,13,8,Fashion,11,0.53,9,4.1
CUS-0581,40,Female,Delhi,76845.38,765.98,5.5,139.27,28,16,Sports,11,0.31,3,4.0
CUS-0582,64,Female,Chennai,73854.26,890.2,5.1,174.55,31,15,Electronics,16,0.63,8,3.3
CUS-0583,76,Female,Mumbai,70479.82,1655.27,11.0,150.48,0,33,Electronics,38,0.43,11,4.3
CUS-0584,55,Non-binary,Chennai,57582.14,1068.35,6.2,172.31,32,19,Fashion,22,0.31,24,3.7
CUS-0585,51,Male,Bengaluru,41278.7,350.6,3.3,106.24,14,10,Fashion,7,0.38,1,4.0
CUS-0586,60,Male,Mumbai,64377.84,620.28,3.6,172.3,40,11,Sports,32,0.06,6,3.2
CUS-0587,76,Male,Mumbai,100226.3,2904.43,9.3,312.3,2,28,Electronics,19,0.27,10,3.4
CUS-0588,29,Female,Chennai,66509.3,1025.33,4.0,256.33,21,12,Beauty,14,0.53,17,3.3
CUS-0589,76,Male,Mumbai,100104.38,2320.83,9.2,252.26,6,28,Sports,27,0.47,15,4.6
CUS-0590,76,Non-binary,Hyderabad,59693.52,2511.98,9.3,270.11,0,28,Beauty,28,0.52,2,4.2
CUS-0591,34,Female,Pune,49112.63,339.21,1.3,260.93,10,4,Beauty,5,0.32,8,3.8
CUS-0592,75,Non-binary,Bengaluru,40868.4,1701.0,4.0,425.25,26,12,Home & Living,9,0.05,9,3.8
CUS-0593,65,Female,Hyderabad,62262.42,1049.16,6.2,169.22,28,19,Home & Living,16,0.3,15,4.1
CUS-0594,50,Male,Bengaluru,55395.79,929.46,3.0,309.82,23,9,Home & Living,16,0.06,14,4.1
CUS-0595,64,Female,Hyderabad,112251.56,2353.41,9.3,253.05,9,28,Electronics,33,0.4,10,4.3
CUS-0596,48,Male,Pune,50156.43,849.42,5.3,160.27,25,16,Sports,11,0.09,6,3.7
CUS-0597,50,Male,Bengaluru,43647.17,521.85,3.7,141.04,80,11,Sports,26,0.08,15,3.5
CUS-0598,64,Female,Hyderabad,69400.48,594.42,2.4,247.67,111,7,Electronics,23,0.12,9,2.4
CUS-0599,36,Male,Chennai,34202.12,270.9,0.5,541.8,9,2,Sports,1,0.8,11,4.4
CUS-0600,55,Female,Bengaluru,70030.16,551.54,2.0,275.77,106,6,Sports,21,0.18,9,3.6
CUS-0601,35,Female,Bengaluru,42355.68,1216.87,5.3,229.6,32,16,Sports,13,0.1,6,4.2
CUS-0602,30,Female,Mumbai,42854.54,465.81,3.0,155.27,82,9,Home & Living,21,0.53,6,2.9
CUS-0603,36,Female,Delhi,35953.84,347.48,4.1,84.75,10,12,Sports,12,0.58,8,4.3
CUS-0604,60,Female,Mumbai,52160.97,983.96,3.2,307.49,109,10,Home & Living,17,0.44,5,2.7
CUS-0605,58,Female,Hyderabad,36797.81,536.18,0.8,670.22,13,2,Sports,4,0.19,13,3.8
CUS-0606,72,Female,Delhi,51101.01,969.79,3.8,255.21,103,11,Fashion,21,0.23,9,2.9
CUS-0607,35,Male,Delhi,41990.24,359.64,2.0,179.82,9,6,Fashion,1,0.04,1,3.6
CUS-0608,76,Male,Delhi,69902.16,2410.86,11.8,204.31,4,35,Electronics,15,0.17,6,3.8
CUS-0609,27,Male,Bengaluru,42751.95,815.52,4.3,189.66,109,13,Beauty,24,0.56,16,3.0
CUS-0610,75,Female,Hyderabad,47358.43,914.25,7.6,120.3,16,23,Fashion,12,0.17,4,4.4
CUS-0611,45,Female,Mumbai,54037.86,526.52,5.6,94.02,24,17,Fashion,20,0.77,10,2.8
CUS-0612,56,Male,Mumbai,64011.31,704.07,0.9,782.3,109,3,Sports,24,0.43,8,3.7
CUS-0613,34,Female,Hyderabad,42115.6,466.66,1.2,388.88,12,4,Beauty,8,0.27,6,3.9
CUS-0614,27,Female,Chennai,23817.41,284.27,0.5,568.54,7,2,Sports,4,0.73,16,3.9
CUS-0615,55,Non-binary,Hyderabad,56451.42,929.33,2.8,331.9,17,8,Sports,18,0.31,11,4.3
CUS-0616,65,Non-binary,Pune,48573.32,710.05,2.3,308.72,72,7,Beauty,47,0.73,1,2.7
CUS-0617,25,Female,Delhi,64654.73,531.22,3.4,156.24,52,10,Home & Living,18,0.42,7,2.8
CUS-0618,34,Male,Delhi,56629.02,1075.22,4.6,233.74,14,14,Beauty,19,0.34,10,4.6
CUS-0619,72,Female,Mumbai,105218.95,2833.6,11.5,246.4,8,34,Beauty,24,0.35,16,3.5
CUS-0620,75,Male,Chennai,91998.25,2336.94,7.9,295.82,8,24,Sports,31,0.02,1,3.4
CUS-0621,64,Female,Hyderabad,35995.98,735.24,1.8,408.47,78,5,Beauty,27,0.07,10,3.6
CUS-0622,39,Female,Mumbai,55122.57,858.75,5.4,159.03,26,16,Beauty,17,0.13,7,3.7
CUS-0623,48,Female,Pune,51018.17,438.23,0.5,876.46,12,2,Beauty,3,0.42,1,3.8
CUS-0624,51,Female,Hyderabad,60644.64,902.06,6.1,147.88,20,18,Sports,7,0.8,5,4.8
CUS-0625,32,Male,Hyderabad,44368.04,239.51,1.1,217.74,8,3,Fashion,3,0.34,7,3.0
CUS-0626,39,Male,Chennai,41219.87,1171.17,3.7,316.53,22,11,Electronics,22,0.52,14,3.9
CUS-0627,60,Female,Delhi,36752.94,741.62,0.5,1483.24,81,2,Beauty,38,0.23,13,3.3
CUS-0628,76,Male,Mumbai,78527.53,1537.07,8.6,178.73,6,26,Electronics,45,0.33,4,3.9
CUS-0629,37,Female,Hyderabad,46866.11,816.16,4.2,194.32,23,13,Fashion,14,0.6,13,4.2
CUS-0630,63,Male,Mumbai,62942.96,802.91,3.2,250.91,129,10,Beauty,24,0.52,13,2.7
CUS-0631,26,Female,Bengaluru,35188.37,273.02,1.1,248.2,13,3,Sports,7,0.29,14,3.7
CUS-0632,60,Female,Chennai,60573.84,663.32,2.0,331.66,93,6,Beauty,35,0.56,14,2.0
CUS-0633,76,Female,Delhi,76273.58,1839.82,10.5,175.22,2,32,Sports,32,0.62,8,4.0
CUS-0634,33,Male,Pune,52979.93,859.84,3.3,260.56,13,10,Home & Living,21,0.41,8,4.4
CUS-0635,76,Female,Bengaluru,64949.42,2390.04,12.1,197.52,8,36,Fashion,20,0.3,7,4.7
CUS-0636,76,Female,Pune,79519.75,2830.81,11.4,248.32,5,34,Electronics,18,0.22,12,3.1
CUS-0637,53,Male,Hyderabad,55951.1,378.98,3.7,102.43,116,11,Home & Living,27,0.79,14,2.8
CUS-0638,58,Male,Delhi,55134.9,462.59,3.5,132.17,122,10,Electronics,12,0.28,10,2.0
CUS-0639,22,Female,Delhi,36329.82,669.25,2.3,290.98,67,7,Home & Living,25,0.42,12,2.6
CUS-0640,44,Male,Bengaluru,30907.65,365.33,0.6,608.88,7,2,Fashion,10,0.21,12,4.7
CUS-0641,67,Female,Chennai,51109.76,470.69,2.3,204.65,84,7,Electronics,22,0.05,13,2.9
CUS-0642,35,Male,Bengaluru,48862.07,719.83,0.5,1439.66,75,2,Sports,29,0.04,5,3.4
CUS-0643,76,Male,Delhi,98782.33,3079.31,8.6,358.06,3,26,Beauty,22,0.1,9,4.1
CUS-0644,43,Female,Delhi,81299.01,821.5,3.2,256.72,27,10,Fashion,26,0.54,7,3.4
CUS-0645,70,Non-binary,Bengaluru,78736.07,452.16,2.2,205.53,106,7,Electronics,13,0.72,19,2.9
CUS-0646,51,Female,Chennai,51234.74,390.5,0.5,781.0,7,2,Sports,14,0.17,16,3.8
CUS-0647,76,Female,Pune,92589.51,2727.11,8.7,313.46,0,26,Electronics,22,0.19,14,3.3
CUS-0648,35,Female,Pune,42181.25,486.72,5.1,95.44,20,15,Sports,19,0.73,8,2.9
CUS-0649,57,Female,Delhi,45550.79,758.19,1.5,505.46,107,4,Fashion,17,0.13,10,3.7
CUS-0650,74,Male,Pune,79733.8,2346.99,11.0,213.36,1,33,Electronics,23,0.14,12,3.9
CUS-0651,45,Male,Delhi,49441.09,1440.25,3.2,450.08,20,10,Home & Living,13,0.74,3,3.9
CUS-0652,30,Male,Mumbai,59594.39,361.82,0.5,723.64,7,2,Home & Living,14,0.69,13,4.5
CUS-0653,54,Male,Bengaluru,38771.02,820.31,0.5,1640.62,96,2,Sports,30,0.63,6,2.5
CUS-0654,55,Male,Bengaluru,43130.49,1097.92,0.9,1219.91,29,3,Beauty,16,0.21,11,4.9
CUS-0655,23,Male,Bengaluru,40718.56,400.81,2.7,148.45,16,8,Home & Living,18,0.32,13,4.7
CUS-0656,34,Female,Delhi,32208.0,1012.47,6.6,153.4,8,20,Electronics,14,0.4,15,4.5
CUS-0657,41,Male,Pune,47177.34,479.54,0.5,959.08,16,2,Fashion,1,0.45,7,4.1
CUS-0658,48,Male,Bengaluru,49454.69,698.88,6.2,112.72,20,19,Home & Living,7,0.71,10,3.6
CUS-0659,57,Female,Delhi,52247.99,905.53,6.3,143.73,21,19,Home & Living,20,0.35,13,3.6
CUS-0660,56,Female,Hyderabad,43921.51,963.9,6.0,160.65,13,18,Sports,11,0.5,4,4.3
CUS-0661,47,Female,Mumbai,45525.1,813.83,4.3,189.26,14,13,Electronics,21,0.23,21,3.7
CUS-0662,44,Male,Pune,58165.16,345.11,1.1,313.74,5,3,Electronics,1,0.59,13,3.9
CUS-0663,76,Female,Hyderabad,56536.89,2124.7,8.0,265.59,6,24,Fashion,39,0.12,16,3.5
CUS-0664,61,Male,Chennai,77963.17,2408.45,7.3,329.92,10,22,Beauty,20,0.3,15,3.6
CUS-0665,59,Male,Mumbai,41465.69,1028.62,4.0,257.15,21,12,Sports,19,0.45,12,3.9
CUS-0666,40,Female,Pune,70386.79,612.5,2.4,255.21,132,7,Beauty,27,0.18,9,2.1
CUS-0667,54,Male,Mumbai,66155.92,647.68,3.2,202.4,142,10,Sports,20,0.21,6,2.9
CUS-0668,41,Male,Pune,27726.89,427.63,4.0,106.91,11,12,Beauty,15,0.33,19,3.7
CUS-0669,56,Male,Mumbai,61025.83,998.75,3.3,302.65,23,10,Home & Living,17,0.22,10,4.0
CUS-0670,43,Male,Delhi,55437.35,1555.75,3.9,398.91,19,12,Sports,30,0.11,13,4.1
CUS-0671,76,Female,Bengaluru,103381.49,2140.25,11.2,191.09,5,34,Sports,18,0.25,2,4.2
CUS-0672,29,Non-binary,Pune,55572.55,756.28,3.1,243.96,28,9,Beauty,26,0.07,18,3.2
CUS-0673,43,Female,Bengaluru,32956.6,481.94,0.5,963.88,10,2,Sports,4,0.56,12,4.3
CUS-0674,58,Male,Chennai,74284.54,658.58,0.5,1317.16,132,2,Sports,24,0.43,14,1.9
CUS-0675,42,Male,Delhi,59032.25,727.29,0.7,1038.99,24,2,Electronics,22,0.33,13,3.8
CUS-0676,49,Female,Hyderabad,43082.07,1296.92,6.6,196.5,16,20,Beauty,24,0.09,12,3.7
CUS-0677,39,Male,Pune,23485.55,558.99,2.7,207.03,5,8,Fashion,5,0.78,6,4.0
CUS-0678,63,Female,Hyderabad,63074.14,782.91,8.3,94.33,15,25,Home & Living,14,0.41,16,4.3
CUS-0679,76,Female,Pune,77161.11,4718.87,11.2,421.33,1,34,Electronics,19,0.55,8,4.0
CUS-0680,67,Female,Pune,73154.67,674.51,4.6,146.63,12,14,Beauty,20,0.54,1,3.5
CUS-0681,76,Female,Hyderabad,95352.17,1920.69,8.8,218.26,6,26,Home & Living,16,0.26,14,4.1
CUS-0682,76,Female,Chennai,75078.51,3183.77,8.4,379.02,8,25,Beauty,30,0.39,6,3.9
CUS-0683,65,Male,Delhi,68212.9,2774.03,10.4,266.73,6,31,Electronics,34,0.15,16,4.3
CUS-0684,58,Female,Mumbai,32606.13,941.11,4.6,204.59,25,14,Electronics,18,0.71,7,4.6
CUS-0685,59,Male,Bengaluru,44502.18,395.49,2.0,197.75,89,6,Electronics,23,0.4,5,3.4
CUS-0686,72,Female,Mumbai,70436.29,691.43,4.8,144.05,18,14,Home & Living,10,0.34,10,4.3
CUS-0687,34,Male,Bengaluru,42284.1,905.43,4.6,196.83,13,14,Home & Living,18,0.15,10,3.3
CUS-0688,54,Female,Delhi,23731.86,440.17,2.7,163.03,11,8,Home & Living,1,0.44,7,4.1
CUS-0689,41,Male,Hyderabad,44267.5,740.07,2.4,308.36,74,7,Sports,36,0.17,5,3.0
CUS-0690,37,Female,Mumbai,73503.12,915.42,4.8,190.71,14,14,Electronics,18,0.69,5,4.5
CUS-0691,53,Female,Mumbai,33138.73,743.95,3.9,190.76,19,12,Home & Living,20,0.77,7,4.1
CUS-0692,39,Male,Mumbai,39290.65,427.9,2.1,203.76,8,6,Home & Living,5,0.15,11,3.4
CUS-0693,37,Female,Hyderabad,59582.11,984.75,6.9,142.72,15,21,Beauty,25,0.14,7,3.9
CUS-0694,42,Male,Bengaluru,74186.72,985.42,4.5,218.98,23,14,Sports,17,0.68,12,4.0
CUS-0695,36,Female,Mumbai,41420.08,554.8,2.2,252.18,11,7,Sports,7,0.24,24,4.3
CUS-0696,60,Female,Hyderabad,48286.85,878.34,3.4,258.34,24,10,Sports,14,0.67,10,4.4
CUS-0697,65,Female,Bengaluru,44700.13,573.8,3.4,168.76,130,10,Sports,25,0.14,14,2.5
CUS-0698,47,Male,Delhi,48934.64,849.74,4.1,207.25,25,12,Beauty,18,0.21,13,3.2
CUS-0699,62,Female,Bengaluru,52684.93,468.77,2.3,203.81,75,7,Home & Living,23,0.45,13,1.7
CUS-0700,70,Male,Bengaluru,61656.86,917.27,5.8,158.15,18,17,Sports,19,0.52,12,3.6
